record_id	feature_type	gene_name	length
NC_001627.1	tRNA	tRNA-Ser	71
NC_001627.1	tRNA	tRNA-His	69
NC_001627.1	tRNA	tRNA-Ser	68
NC_001627.1	tRNA	tRNA-Phe	72
NC_001627.1	rRNA	12S rRNA	897
NC_001627.1	tRNA	tRNA-Glu	69
NC_001627.1	tRNA	tRNA-Thr	74
NC_001627.1	rRNA	16S rRNA	1531
NC_001627.1	tRNA	tRNA-Ile	70
NC_001627.1	tRNA	tRNA-Leu	72
NC_001627.1	tRNA	tRNA-Gly	69
NC_001627.1	tRNA	tRNA-Tyr	70
NC_001627.1	tRNA	tRNA-Asp	70
NC_001627.1	tRNA	tRNA-Met	72
NC_001627.1	tRNA	tRNA-Val	71
NC_001627.1	tRNA	tRNA-Cys	67
NC_001627.1	tRNA	tRNA-Trp	70
NC_001627.1	tRNA	tRNA-Ala	72
NC_001627.1	tRNA	tRNA-Leu	72
NC_001627.1	tRNA	tRNA-Asn	72
NC_001627.1	tRNA	tRNA-Gln	71
NC_001627.1	tRNA	tRNA-Pro	70
NC_001627.1	tRNA	tRNA-Arg	70
NC_001627.1	tRNA	tRNA-Lys	73
NC_006665.1	tRNA	tRNA-Ile	72
NC_006665.1	tRNA	tRNA-Leu	72
NC_006665.1	tRNA	tRNA-Gly	72
NC_006665.1	tRNA	tRNA-Tyr	71
NC_006665.1	tRNA	tRNA-Asp	71
NC_006665.1	tRNA	tRNA-Met	73
NC_006665.1	tRNA	tRNA-Val	72
NC_006665.1	tRNA	tRNA-Cys	69
NC_006665.1	tRNA	tRNA-Ala	72
NC_006665.1	tRNA	tRNA-Leu	72
NC_006665.1	tRNA	tRNA-Asn	72
NC_006665.1	tRNA	tRNA-Gln	72
NC_006665.1	tRNA	tRNA-Pro	69
NC_006665.1	tRNA	tRNA-Arg	70
NC_006665.1	tRNA	tRNA-Ser	71
NC_006665.1	tRNA	tRNA-His	69
NC_006665.1	tRNA	tRNA-Phe	72
NC_006665.1	tRNA	tRNA-Glu	69
NC_006665.1	tRNA	tRNA-Thr	76
NC_006666.1	tRNA	tRNA-Ile	72
NC_006666.1	tRNA	tRNA-Leu	72
NC_006666.1	tRNA	tRNA-Gly	70
NC_006666.1	tRNA	tRNA-Tyr	70
NC_006666.1	tRNA	tRNA-Asp	70
NC_006666.1	tRNA	tRNA-Met	72
NC_006666.1	tRNA	tRNA-Val	71
NC_006666.1	tRNA	tRNA-Cys	69
NC_006666.1	tRNA	tRNA-Ala	72
NC_006666.1	tRNA	tRNA-Leu	73
NC_006666.1	tRNA	tRNA-Asn	72
NC_006666.1	tRNA	tRNA-Gln	72
NC_006666.1	tRNA	tRNA-Pro	70
NC_006666.1	tRNA	tRNA-Arg	70
NC_006666.1	tRNA	tRNA-Ser	72
NC_006666.1	tRNA	tRNA-His	70
NC_006666.1	tRNA	tRNA-Phe	71
NC_006666.1	tRNA	tRNA-Glu	69
NC_006666.1	tRNA	tRNA-Thr	71
NC_006664.1	tRNA	tRNA-Ile	71
NC_006664.1	tRNA	tRNA-Leu	72
NC_006664.1	tRNA	tRNA-Gly	70
NC_006664.1	tRNA	tRNA-Tyr	71
NC_006664.1	tRNA	tRNA-Met	72
NC_006664.1	tRNA	tRNA-Val	69
NC_006664.1	tRNA	tRNA-Cys	71
NC_006664.1	tRNA	tRNA-Ala	72
NC_006664.1	tRNA	tRNA-Leu	71
NC_006664.1	tRNA	tRNA-Asn	72
NC_006664.1	tRNA	tRNA-Gln	71
NC_006664.1	tRNA	tRNA-Pro	73
NC_006664.1	tRNA	tRNA-Arg	69
NC_006664.1	tRNA	tRNA-Lys	74
NC_006664.1	tRNA	tRNA-Ser	70
NC_006664.1	tRNA	tRNA-His	70
NC_006664.1	tRNA	tRNA-Phe	72
NC_006664.1	tRNA	tRNA-Glu	72
NC_006664.1	tRNA	tRNA-Thr	69
NC_007788.1	rRNA	16S rRNA	1549
NC_007788.1	tRNA	tRNA-Ile	72
NC_007788.1	tRNA	tRNA-Leu	72
NC_007788.1	tRNA	tRNA-Gly	69
NC_007788.1	tRNA	tRNA-Tyr	70
NC_007788.1	tRNA	tRNA-Asp	71
NC_007788.1	tRNA	tRNA-Met	71
NC_007788.1	tRNA	tRNA-Val	68
NC_007788.1	tRNA	tRNA-Cys	67
NC_007788.1	tRNA	tRNA-Trp	70
NC_007788.1	tRNA	tRNA-Ala	69
NC_007788.1	tRNA	tRNA-Leu	72
NC_007788.1	tRNA	tRNA-Asn	72
NC_007788.1	tRNA	tRNA-Gln	72
NC_007788.1	tRNA	tRNA-Pro	71
NC_007788.1	tRNA	tRNA-Arg	69
NC_007788.1	tRNA	tRNA-Lys	72
NC_007788.1	tRNA	tRNA-Ser	71
NC_007788.1	tRNA	tRNA-His	69
NC_007788.1	tRNA	tRNA-Ser	69
NC_007788.1	tRNA	tRNA-Phe	71
NC_007788.1	rRNA	12S rRNA	929
NC_007788.1	tRNA	tRNA-Glu	69
NC_007788.1	tRNA	tRNA-Thr	74
NC_007788.1	control_region	control region	531
NC_007789.1	rRNA	16S rRNA	1545
NC_007789.1	tRNA	tRNA-Ile	72
NC_007789.1	tRNA	tRNA-Leu	72
NC_007789.1	tRNA	tRNA-Gly	69
NC_007789.1	tRNA	tRNA-Tyr	70
NC_007789.1	tRNA	tRNA-Asp	71
NC_007789.1	tRNA	tRNA-Met	71
NC_007789.1	tRNA	tRNA-Val	68
NC_007789.1	tRNA	tRNA-Cys	67
NC_007789.1	tRNA	tRNA-Trp	70
NC_007789.1	tRNA	tRNA-Ala	69
NC_007789.1	tRNA	tRNA-Leu	72
NC_007789.1	tRNA	tRNA-Asn	72
NC_007789.1	tRNA	tRNA-Gln	72
NC_007789.1	tRNA	tRNA-Pro	70
NC_007789.1	tRNA	tRNA-Arg	69
NC_007789.1	tRNA	tRNA-Lys	72
NC_007789.1	tRNA	tRNA-Ser	71
NC_007789.1	tRNA	tRNA-His	69
NC_007789.1	tRNA	tRNA-Ser	68
NC_007789.1	tRNA	tRNA-Phe	71
NC_007789.1	rRNA	12S rRNA	928
NC_007789.1	tRNA	tRNA-Glu	69
NC_007789.1	tRNA	tRNA-Thr	74
NC_007789.1	control_region	control region	552
NC_025766.1	tRNA	tRNA-Ile	72
NC_025766.1	tRNA	tRNA-Leu	74
NC_025766.1	tRNA	tRNA-Gly	70
NC_025766.1	tRNA	tRNA-Tyr	72
NC_025766.1	tRNA	tRNA-Asp	72
NC_025766.1	tRNA	tRNA-Met	73
NC_025766.1	tRNA	tRNA-Val	72
NC_025766.1	tRNA	tRNA-Cys	71
NC_025766.1	tRNA	tRNA-Trp	69
NC_025766.1	tRNA	tRNA-Ala	72
NC_025766.1	tRNA	tRNA-Leu	73
NC_025766.1	tRNA	tRNA-Asn	72
NC_025766.1	tRNA	tRNA-Gln	72
NC_025766.1	tRNA	tRNA-Pro	69
NC_025766.1	tRNA	tRNA-Arg	69
NC_025766.1	tRNA	tRNA-Lys	76
NC_025766.1	tRNA	tRNA-Ser	71
NC_025766.1	tRNA	tRNA-His	70
NC_025766.1	tRNA	tRNA-Ser	68
NC_025766.1	tRNA	tRNA-Phe	72
NC_025766.1	rRNA	12S rRNA	900
NC_025766.1	tRNA	tRNA-Glu	67
NC_025766.1	tRNA	tRNA-Thr	70
NC_025766.1	rRNA	16S rRNA	1602
NC_037943.1	tRNA	tRNA-Arg	70
NC_037943.1	tRNA	tRNA-Lys	71
NC_037943.1	tRNA	tRNA-Ser	72
NC_037943.1	tRNA	tRNA-His	70
NC_037943.1	tRNA	tRNA-Ser	69
NC_037943.1	tRNA	tRNA-Phe	71
NC_037943.1	rRNA	12S rRNA	913
NC_037943.1	tRNA	tRNA-Glu	71
NC_037943.1	tRNA	tRNA-Thr	75
NC_037943.1	rRNA	16S rRNA	1616
NC_037943.1	tRNA	tRNA-Ile	72
NC_037943.1	tRNA	tRNA-Leu	72
NC_037943.1	tRNA	tRNA-Gly	68
NC_037943.1	tRNA	tRNA-Tyr	72
NC_037943.1	tRNA	tRNA-Asp	69
NC_037943.1	tRNA	tRNA-Met	70
NC_037943.1	tRNA	tRNA-Val	69
NC_037943.1	tRNA	tRNA-Cys	72
NC_037943.1	tRNA	tRNA-Trp	73
NC_037943.1	tRNA	tRNA-Ala	70
NC_037943.1	tRNA	tRNA-Leu	72
NC_037943.1	tRNA	tRNA-Asn	72
NC_037943.1	tRNA	tRNA-Gln	72
NC_037943.1	tRNA	tRNA-Pro	72
NC_039982.1	tRNA	tRNA-Ile	69
NC_039982.1	tRNA	tRNA-Leu	73
NC_039982.1	tRNA	tRNA-Gly	69
NC_039982.1	tRNA	tRNA-Tyr	71
NC_039982.1	tRNA	tRNA-Asp	70
NC_039982.1	tRNA	tRNA-Met	73
NC_039982.1	tRNA	tRNA-Val	71
NC_039982.1	tRNA	tRNA-Cys	71
NC_039982.1	tRNA	tRNA-Trp	71
NC_039982.1	tRNA	tRNA-Ala	70
NC_039982.1	tRNA	tRNA-Leu	72
NC_039982.1	tRNA	tRNA-Asn	72
NC_039982.1	tRNA	tRNA-Gln	72
NC_039982.1	tRNA	tRNA-Pro	71
NC_039982.1	tRNA	tRNA-Arg	71
NC_039982.1	tRNA	tRNA-Lys	75
NC_039982.1	tRNA	tRNA-Ser	71
NC_039982.1	tRNA	tRNA-His	70
NC_039982.1	tRNA	tRNA-Ser	68
NC_039982.1	tRNA	tRNA-Phe	71
NC_039982.1	rRNA	12S rRNA	891
NC_039982.1	tRNA	tRNA-Glu	68
NC_039982.1	tRNA	tRNA-Thr	69
NC_039982.1	rRNA	16S rRNA	1602
NC_041450.1	tRNA	tRNA-Ile	72
NC_041450.1	tRNA	tRNA-Leu	73
NC_041450.1	tRNA	tRNA-Gly	70
NC_041450.1	tRNA	tRNA-Tyr	70
NC_041450.1	tRNA	tRNA-Asp	70
NC_041450.1	tRNA	tRNA-Met	72
NC_041450.1	tRNA	tRNA-Val	71
NC_041450.1	tRNA	tRNA-Cys	68
NC_041450.1	tRNA	tRNA-Trp	70
NC_041450.1	tRNA	tRNA-Ala	72
NC_041450.1	tRNA	tRNA-Leu	72
NC_041450.1	tRNA	tRNA-Asn	72
NC_041450.1	tRNA	tRNA-Gln	71
NC_041450.1	tRNA	tRNA-Pro	69
NC_041450.1	tRNA	tRNA-Arg	70
NC_041450.1	tRNA	tRNA-Lys	72
NC_041450.1	tRNA	tRNA-Ser	71
NC_041450.1	tRNA	tRNA-His	70
NC_041450.1	tRNA	tRNA-Ser	67
NC_041450.1	tRNA	tRNA-Phe	71
NC_041450.1	rRNA	12S rRNA	898
NC_041450.1	tRNA	tRNA-Glu	68
NC_041450.1	tRNA	tRNA-Thr	71
NC_041450.1	rRNA	16S rRNA	1646
NC_042741.1	tRNA	tRNA-Ile	72
NC_042741.1	tRNA	tRNA-Leu	73
NC_042741.1	tRNA	tRNA-Gly	70
NC_042741.1	tRNA	tRNA-Tyr	72
NC_042741.1	tRNA	tRNA-Asp	72
NC_042741.1	tRNA	tRNA-Met	73
NC_042741.1	tRNA	tRNA-Val	62
NC_042741.1	tRNA	tRNA-Cys	69
NC_042741.1	tRNA	tRNA-Trp	69
NC_042741.1	tRNA	tRNA-Ala	72
NC_042741.1	tRNA	tRNA-Leu	74
NC_042741.1	tRNA	tRNA-Asn	72
NC_042741.1	tRNA	tRNA-Gln	72
NC_042741.1	tRNA	tRNA-Pro	69
NC_042741.1	tRNA	tRNA-Arg	70
NC_042741.1	tRNA	tRNA-Lys	75
NC_042741.1	tRNA	tRNA-Ser	71
NC_042741.1	tRNA	tRNA-His	69
NC_042741.1	tRNA	tRNA-Ser	68
NC_042741.1	tRNA	tRNA-Phe	72
NC_042741.1	rRNA	12S rRNA	895
NC_042741.1	tRNA	tRNA-Glu	67
NC_042741.1	tRNA	tRNA-Thr	70
NC_042741.1	rRNA	16S rRNA	1557
NC_053361.1	tRNA	tRNA-Arg	67
NC_053361.1	tRNA	tRNA-Lys	74
NC_053361.1	tRNA	tRNA-Ser	71
NC_053361.1	tRNA	tRNA-His	68
NC_053361.1	tRNA	tRNA-Ser	68
NC_053361.1	tRNA	tRNA-Phe	72
NC_053361.1	rRNA	12S rRNA	885
NC_053361.1	tRNA	tRNA-Glu	69
NC_053361.1	tRNA	tRNA-Thr	73
NC_053361.1	rRNA	16S rRNA	1582
NC_053361.1	tRNA	tRNA-Ile	72
NC_053361.1	tRNA	tRNA-Leu	72
NC_053361.1	tRNA	tRNA-Gly	70
NC_053361.1	tRNA	tRNA-Tyr	70
NC_053361.1	tRNA	tRNA-Asp	70
NC_053361.1	tRNA	tRNA-Met	72
NC_053361.1	tRNA	tRNA-Val	71
NC_053361.1	tRNA	tRNA-Cys	67
NC_053361.1	tRNA	tRNA-Trp	69
NC_053361.1	tRNA	tRNA-Ala	70
NC_053361.1	tRNA	tRNA-Leu	72
NC_053361.1	tRNA	tRNA-Asn	72
NC_053361.1	tRNA	tRNA-Gln	71
NC_053361.1	tRNA	tRNA-Pro	70
NC_054225.1	tRNA	tRNA-Thr	72
NC_054225.1	tRNA	tRNA-Glu	68
NC_054225.1	rRNA	12S rRNA	912
NC_054225.1	tRNA	tRNA-Phe	71
NC_054225.1	tRNA	tRNA-Ser	68
NC_054225.1	tRNA	tRNA-His	70
NC_054225.1	tRNA	tRNA-Ser	71
NC_054225.1	tRNA	tRNA-Lys	72
NC_054225.1	tRNA	tRNA-Arg	70
NC_054225.1	tRNA	tRNA-Pro	71
NC_054225.1	tRNA	tRNA-Gln	72
NC_054225.1	tRNA	tRNA-Asn	72
NC_054225.1	tRNA	tRNA-Leu	72
NC_054225.1	tRNA	tRNA-Ala	72
NC_054225.1	tRNA	tRNA-Trp	69
NC_054225.1	tRNA	tRNA-Cys	68
NC_054225.1	tRNA	tRNA-Val	71
NC_054225.1	tRNA	tRNA-Met	72
NC_054225.1	tRNA	tRNA-Asp	70
NC_054225.1	tRNA	tRNA-Tyr	71
NC_054225.1	tRNA	tRNA-Gly	69
NC_054225.1	tRNA	tRNA-Leu	72
NC_054225.1	tRNA	tRNA-Ile	73
NC_054225.1	rRNA	16S rRNA	1567
NC_054226.1	rRNA	16S rRNA	1574
NC_054226.1	tRNA	tRNA-Ile	73
NC_054226.1	tRNA	tRNA-Leu	72
NC_054226.1	tRNA	tRNA-Gly	69
NC_054226.1	tRNA	tRNA-Tyr	71
NC_054226.1	tRNA	tRNA-Asp	71
NC_054226.1	tRNA	tRNA-Met	72
NC_054226.1	tRNA	tRNA-Val	71
NC_054226.1	tRNA	tRNA-Cys	68
NC_054226.1	tRNA	tRNA-Trp	69
NC_054226.1	tRNA	tRNA-Ala	72
NC_054226.1	tRNA	tRNA-Leu	72
NC_054226.1	tRNA	tRNA-Asn	72
NC_054226.1	tRNA	tRNA-Gln	72
NC_054226.1	tRNA	tRNA-Pro	71
NC_054226.1	tRNA	tRNA-Arg	70
NC_054226.1	tRNA	tRNA-Lys	72
NC_054226.1	tRNA	tRNA-Ser	71
NC_054226.1	tRNA	tRNA-His	70
NC_054226.1	tRNA	tRNA-Ser	68
NC_054226.1	tRNA	tRNA-Phe	71
NC_054226.1	rRNA	12S rRNA	903
NC_054226.1	tRNA	tRNA-Glu	70
NC_054226.1	tRNA	tRNA-Thr	72
NC_054227.1	tRNA	tRNA-Ser	68
NC_054227.1	tRNA	tRNA-His	69
NC_054227.1	tRNA	tRNA-Ser	72
NC_054227.1	tRNA	tRNA-Lys	71
NC_054227.1	tRNA	tRNA-Arg	72
NC_054227.1	tRNA	tRNA-Pro	72
NC_054227.1	tRNA	tRNA-Gln	73
NC_054227.1	tRNA	tRNA-Asn	72
NC_054227.1	tRNA	tRNA-Leu	73
NC_054227.1	tRNA	tRNA-Ala	72
NC_054227.1	tRNA	tRNA-Trp	69
NC_054227.1	tRNA	tRNA-Cys	68
NC_054227.1	tRNA	tRNA-Val	71
NC_054227.1	tRNA	tRNA-Met	72
NC_054227.1	tRNA	tRNA-Asp	69
NC_054227.1	tRNA	tRNA-Tyr	72
NC_054227.1	tRNA	tRNA-Gly	69
NC_054227.1	tRNA	tRNA-Leu	73
NC_054227.1	tRNA	tRNA-Ile	71
NC_054227.1	rRNA	16S rRNA	1644
NC_054227.1	tRNA	tRNA-Thr	70
NC_054227.1	tRNA	tRNA-Glu	69
NC_054227.1	rRNA	12S rRNA	893
NC_054227.1	tRNA	tRNA-Phe	72
NC_054228.1	tRNA	tRNA-Ala	73
NC_054228.1	tRNA	tRNA-Trp	69
NC_054228.1	tRNA	tRNA-Cys	66
NC_054228.1	tRNA	tRNA-Val	72
NC_054228.1	tRNA	tRNA-Met	72
NC_054228.1	tRNA	tRNA-Asp	70
NC_054228.1	tRNA	tRNA-Tyr	71
NC_054228.1	tRNA	tRNA-Gly	69
NC_054228.1	tRNA	tRNA-Leu	73
NC_054228.1	tRNA	tRNA-Ile	73
NC_054228.1	rRNA	16S rRNA	1611
NC_054228.1	tRNA	tRNA-Thr	71
NC_054228.1	tRNA	tRNA-Glu	69
NC_054228.1	rRNA	12S rRNA	898
NC_054228.1	tRNA	tRNA-Phe	70
NC_054228.1	tRNA	tRNA-Ser	68
NC_054228.1	tRNA	tRNA-His	71
NC_054228.1	tRNA	tRNA-Ser	71
NC_054228.1	tRNA	tRNA-Lys	71
NC_054228.1	tRNA	tRNA-Arg	67
NC_054228.1	tRNA	tRNA-Pro	70
NC_054228.1	tRNA	tRNA-Gln	72
NC_054228.1	tRNA	tRNA-Asn	72
NC_054228.1	tRNA	tRNA-Leu	72
NC_054229.1	tRNA	tRNA-Ile	73
NC_054229.1	rRNA	16S rRNA	1615
NC_054229.1	tRNA	tRNA-Thr	72
NC_054229.1	tRNA	tRNA-Glu	69
NC_054229.1	rRNA	12S rRNA	917
NC_054229.1	tRNA	tRNA-Phe	71
NC_054229.1	tRNA	tRNA-Ser	68
NC_054229.1	tRNA	tRNA-His	69
NC_054229.1	tRNA	tRNA-Ser	71
NC_054229.1	tRNA	tRNA-Lys	71
NC_054229.1	tRNA	tRNA-Arg	70
NC_054229.1	tRNA	tRNA-Pro	71
NC_054229.1	tRNA	tRNA-Gln	72
NC_054229.1	tRNA	tRNA-Asn	72
NC_054229.1	tRNA	tRNA-Leu	72
NC_054229.1	tRNA	tRNA-Ala	72
NC_054229.1	tRNA	tRNA-Trp	69
NC_054229.1	tRNA	tRNA-Cys	68
NC_054229.1	tRNA	tRNA-Val	72
NC_054229.1	tRNA	tRNA-Met	72
NC_054229.1	tRNA	tRNA-Asp	71
NC_054229.1	tRNA	tRNA-Tyr	71
NC_054229.1	tRNA	tRNA-Gly	69
NC_054229.1	tRNA	tRNA-Leu	72
NC_054230.1	tRNA	tRNA-Thr	72
NC_054230.1	tRNA	tRNA-Glu	69
NC_054230.1	rRNA	12S rRNA	892
NC_054230.1	tRNA	tRNA-Phe	71
NC_054230.1	tRNA	tRNA-Ser	68
NC_054230.1	tRNA	tRNA-His	68
NC_054230.1	tRNA	tRNA-Ser	71
NC_054230.1	tRNA	tRNA-Lys	72
NC_054230.1	tRNA	tRNA-Arg	70
NC_054230.1	tRNA	tRNA-Pro	70
NC_054230.1	tRNA	tRNA-Gln	74
NC_054230.1	tRNA	tRNA-Asn	72
NC_054230.1	tRNA	tRNA-Leu	72
NC_054230.1	tRNA	tRNA-Ala	71
NC_054230.1	tRNA	tRNA-Trp	69
NC_054230.1	tRNA	tRNA-Cys	71
NC_054230.1	tRNA	tRNA-Val	71
NC_054230.1	tRNA	tRNA-Met	71
NC_054230.1	tRNA	tRNA-Asp	70
NC_054230.1	tRNA	tRNA-Tyr	70
NC_054230.1	tRNA	tRNA-Gly	71
NC_054230.1	tRNA	tRNA-Leu	72
NC_054230.1	tRNA	tRNA-Ile	72
NC_054230.1	rRNA	16S rRNA	1603
NC_054231.1	tRNA	tRNA-Thr	73
NC_054231.1	tRNA	tRNA-Glu	73
NC_054231.1	rRNA	12S rRNA	898
NC_054231.1	tRNA	tRNA-Phe	70
NC_054231.1	tRNA	tRNA-Ser	68
NC_054231.1	tRNA	tRNA-His	70
NC_054231.1	tRNA	tRNA-Ser	69
NC_054231.1	tRNA	tRNA-Lys	73
NC_054231.1	tRNA	tRNA-Arg	68
NC_054231.1	tRNA	tRNA-Pro	76
NC_054231.1	tRNA	tRNA-Gln	72
NC_054231.1	tRNA	tRNA-Asn	72
NC_054231.1	tRNA	tRNA-Leu	72
NC_054231.1	tRNA	tRNA-Ala	68
NC_054231.1	tRNA	tRNA-Trp	69
NC_054231.1	tRNA	tRNA-Cys	69
NC_054231.1	tRNA	tRNA-Val	70
NC_054231.1	tRNA	tRNA-Met	73
NC_054231.1	tRNA	tRNA-Asp	69
NC_054231.1	tRNA	tRNA-Tyr	71
NC_054231.1	tRNA	tRNA-Gly	67
NC_054231.1	tRNA	tRNA-Leu	72
NC_054231.1	tRNA	tRNA-Ile	72
NC_054231.1	rRNA	16S rRNA	1563
NC_063668.1	tRNA	tRNA-Arg	69
NC_063668.1	tRNA	tRNA-Lys	75
NC_063668.1	tRNA	tRNA-Ser	71
NC_063668.1	tRNA	tRNA-His	72
NC_063668.1	tRNA	tRNA-Ser	68
NC_063668.1	tRNA	tRNA-Phe	73
NC_063668.1	rRNA	12S rRNA	901
NC_063668.1	tRNA	tRNA-Glu	71
NC_063668.1	tRNA	tRNA-Thr	71
NC_063668.1	rRNA	16S rRNA	1628
NC_063668.1	tRNA	tRNA-Ile	74
NC_063668.1	tRNA	tRNA-Leu	74
NC_063668.1	tRNA	tRNA-Gly	69
NC_063668.1	tRNA	tRNA-Tyr	72
NC_063668.1	tRNA	tRNA-Asp	69
NC_063668.1	tRNA	tRNA-Met	74
NC_063668.1	tRNA	tRNA-Val	71
NC_063668.1	tRNA	tRNA-Cys	70
NC_063668.1	tRNA	tRNA-Trp	69
NC_063668.1	tRNA	tRNA-Ala	70
NC_063668.1	tRNA	tRNA-Leu	72
NC_063668.1	tRNA	tRNA-Asn	72
NC_063668.1	tRNA	tRNA-Gln	72
NC_063668.1	tRNA	tRNA-Pro	70
NC_063669.1	tRNA	tRNA-Arg	69
NC_063669.1	tRNA	tRNA-Lys	72
NC_063669.1	tRNA	tRNA-Ser	71
NC_063669.1	tRNA	tRNA-His	68
NC_063669.1	tRNA	tRNA-Ser	70
NC_063669.1	tRNA	tRNA-Phe	76
NC_063669.1	rRNA	12S rRNA	892
NC_063669.1	tRNA	tRNA-Glu	69
NC_063669.1	tRNA	tRNA-Thr	73
NC_063669.1	rRNA	16S rRNA	1631
NC_063669.1	tRNA	tRNA-Ile	59
NC_063669.1	tRNA	tRNA-Leu	74
NC_063669.1	tRNA	tRNA-Gly	70
NC_063669.1	tRNA	tRNA-Tyr	72
NC_063669.1	tRNA	tRNA-Asp	70
NC_063669.1	tRNA	tRNA-Met	74
NC_063669.1	tRNA	tRNA-Val	72
NC_063669.1	tRNA	tRNA-Cys	71
NC_063669.1	tRNA	tRNA-Trp	71
NC_063669.1	tRNA	tRNA-Ala	72
NC_063669.1	tRNA	tRNA-Leu	71
NC_063669.1	tRNA	tRNA-Asn	72
NC_063669.1	tRNA	tRNA-Gln	72
NC_063669.1	tRNA	tRNA-Pro	71
NC_063787.1	tRNA	tRNA-Ile	72
NC_063787.1	tRNA	tRNA-Leu	74
NC_063787.1	tRNA	tRNA-Gly	69
NC_063787.1	tRNA	tRNA-Tyr	70
NC_063787.1	tRNA	tRNA-Asp	75
NC_063787.1	tRNA	tRNA-Met	73
NC_063787.1	tRNA	tRNA-Val	72
NC_063787.1	tRNA	tRNA-Cys	70
NC_063787.1	tRNA	tRNA-Trp	69
NC_063787.1	tRNA	tRNA-Ala	72
NC_063787.1	tRNA	tRNA-Leu	74
NC_063787.1	tRNA	tRNA-Asn	72
NC_063787.1	tRNA	tRNA-Gln	72
NC_063787.1	tRNA	tRNA-Pro	71
NC_063787.1	tRNA	tRNA-Arg	69
NC_063787.1	tRNA	tRNA-Lys	74
NC_063787.1	tRNA	tRNA-Ser	71
NC_063787.1	tRNA	tRNA-His	69
NC_063787.1	tRNA	tRNA-Ser	70
NC_063787.1	tRNA	tRNA-Phe	72
NC_063787.1	rRNA	12S rRNA	892
NC_063787.1	tRNA	tRNA-Glu	67
NC_063787.1	tRNA	tRNA-Thr	70
NC_063787.1	rRNA	16S rRNA	1603
NC_071876.1	tRNA	tRNA-His	70
NC_071876.1	tRNA	tRNA-Ser	68
NC_071876.1	tRNA	tRNA-Phe	71
NC_071876.1	rRNA	12S rRNA	925
NC_071876.1	tRNA	tRNA-Glu	68
NC_071876.1	tRNA	tRNA-Thr	72
NC_071876.1	rRNA	16S rRNA	1611
NC_071876.1	tRNA	tRNA-Ile	72
NC_071876.1	tRNA	tRNA-Leu	73
NC_071876.1	tRNA	tRNA-Gly	71
NC_071876.1	tRNA	tRNA-Tyr	70
NC_071876.1	tRNA	tRNA-Asp	69
NC_071876.1	tRNA	tRNA-Met	72
NC_071876.1	tRNA	tRNA-Val	71
NC_071876.1	tRNA	tRNA-Cys	68
NC_071876.1	tRNA	tRNA-Trp	69
NC_071876.1	tRNA	tRNA-Ala	72
NC_071876.1	tRNA	tRNA-Leu	73
NC_071876.1	tRNA	tRNA-Asn	72
NC_071876.1	tRNA	tRNA-Gln	71
NC_071876.1	tRNA	tRNA-Pro	71
NC_071876.1	tRNA	tRNA-Arg	69
NC_071876.1	tRNA	tRNA-Lys	75
NC_071876.1	tRNA	tRNA-Ser	71
NC_081967.1	tRNA	tRNA-Arg	70
NC_081967.1	tRNA	tRNA-Lys	70
NC_081967.1	tRNA	tRNA-Ser	70
NC_081967.1	tRNA	tRNA-His	69
NC_081967.1	tRNA	tRNA-Ser	68
NC_081967.1	tRNA	tRNA-Phe	72
NC_081967.1	rRNA	12S rRNA	885
NC_081967.1	tRNA	tRNA-Glu	71
NC_081967.1	tRNA	tRNA-Thr	70
NC_081967.1	rRNA	16S rRNA	1594
NC_081967.1	tRNA	tRNA-Ile	70
NC_081967.1	tRNA	tRNA-Leu	72
NC_081967.1	tRNA	tRNA-Gly	67
NC_081967.1	tRNA	tRNA-Tyr	71
NC_081967.1	tRNA	tRNA-Asp	70
NC_081967.1	tRNA	tRNA-Met	72
NC_081967.1	tRNA	tRNA-Val	72
NC_081967.1	tRNA	tRNA-Cys	69
NC_081967.1	tRNA	tRNA-Trp	69
NC_081967.1	tRNA	tRNA-Ala	71
NC_081967.1	tRNA	tRNA-Leu	72
NC_081967.1	tRNA	tRNA-Asn	72
NC_081967.1	tRNA	tRNA-Gln	71
NC_081967.1	tRNA	tRNA-Pro	72
NC_081981.1	tRNA	tRNA-Arg	70
NC_081981.1	tRNA	tRNA-Lys	74
NC_081981.1	tRNA	tRNA-Ser	71
NC_081981.1	tRNA	tRNA-His	68
NC_081981.1	tRNA	tRNA-Ser	68
NC_081981.1	tRNA	tRNA-Phe	72
NC_081981.1	rRNA	12S rRNA	885
NC_081981.1	tRNA	tRNA-Glu	69
NC_081981.1	tRNA	tRNA-Thr	73
NC_081981.1	rRNA	16S rRNA	1583
NC_081981.1	tRNA	tRNA-Ile	72
NC_081981.1	tRNA	tRNA-Leu	72
NC_081981.1	tRNA	tRNA-Gly	69
NC_081981.1	tRNA	tRNA-Tyr	70
NC_081981.1	tRNA	tRNA-Asp	70
NC_081981.1	tRNA	tRNA-Met	72
NC_081981.1	tRNA	tRNA-Val	71
NC_081981.1	tRNA	tRNA-Cys	67
NC_081981.1	tRNA	tRNA-Trp	69
NC_081981.1	tRNA	tRNA-Ala	69
NC_081981.1	tRNA	tRNA-Leu	72
NC_081981.1	tRNA	tRNA-Asn	72
NC_081981.1	tRNA	tRNA-Gln	71
NC_081981.1	tRNA	tRNA-Pro	70
NC_083190.1	tRNA	tRNA-Arg	69
NC_083190.1	tRNA	tRNA-Lys	75
NC_083190.1	tRNA	tRNA-Ser	71
NC_083190.1	tRNA	tRNA-His	70
NC_083190.1	tRNA	tRNA-Ser	70
NC_083190.1	tRNA	tRNA-Phe	76
NC_083190.1	rRNA	12S rRNA	894
NC_083190.1	tRNA	tRNA-Glu	67
NC_083190.1	tRNA	tRNA-Thr	70
NC_083190.1	rRNA	16S rRNA	1613
NC_083190.1	tRNA	tRNA-Ile	72
NC_083190.1	tRNA	tRNA-Leu	72
NC_083190.1	tRNA	tRNA-Gly	70
NC_083190.1	tRNA	tRNA-Tyr	72
NC_083190.1	tRNA	tRNA-Asp	75
NC_083190.1	tRNA	tRNA-Met	75
NC_083190.1	tRNA	tRNA-Val	75
NC_083190.1	tRNA	tRNA-Cys	73
NC_083190.1	tRNA	tRNA-Trp	69
NC_083190.1	tRNA	tRNA-Ala	72
NC_083190.1	tRNA	tRNA-Leu	73
NC_083190.1	tRNA	tRNA-Asn	72
NC_083190.1	tRNA	tRNA-Gln	72
NC_083190.1	tRNA	tRNA-Pro	71
NC_083191.1	tRNA	tRNA-Arg	67
NC_083191.1	tRNA	tRNA-Lys	74
NC_083191.1	tRNA	tRNA-Ser	73
NC_083191.1	tRNA	tRNA-His	69
NC_083191.1	tRNA	tRNA-Ser	69
NC_083191.1	tRNA	tRNA-Phe	74
NC_083191.1	rRNA	12S rRNA	891
NC_083191.1	tRNA	tRNA-Glu	70
NC_083191.1	tRNA	tRNA-Thr	73
NC_083191.1	rRNA	16S rRNA	1611
NC_083191.1	tRNA	tRNA-Ile	72
NC_083191.1	tRNA	tRNA-Leu	73
NC_083191.1	tRNA	tRNA-Gly	69
NC_083191.1	tRNA	tRNA-Tyr	69
NC_083191.1	tRNA	tRNA-Asp	70
NC_083191.1	tRNA	tRNA-Met	73
NC_083191.1	tRNA	tRNA-Val	73
NC_083191.1	tRNA	tRNA-Cys	69
NC_083191.1	tRNA	tRNA-Trp	70
NC_083191.1	tRNA	tRNA-Ala	72
NC_083191.1	tRNA	tRNA-Leu	74
NC_083191.1	tRNA	tRNA-Asn	72
NC_083191.1	tRNA	tRNA-Gln	72
NC_083191.1	tRNA	tRNA-Pro	70
NC_085630.1	tRNA	tRNA-Glu	67
NC_085630.1	rRNA	16S rRNA	1612
NC_085630.1	tRNA	tRNA-Thr	70
NC_085630.1	rRNA	12S rRNA	892
NC_085630.1	tRNA	tRNA-Phe	50
NC_085630.1	tRNA	tRNA-Ser	69
NC_085630.1	tRNA	tRNA-His	68
NC_085630.1	tRNA	tRNA-Ser	70
NC_085630.1	tRNA	tRNA-Lys	72
NC_085630.1	tRNA	tRNA-Arg	46
NC_085630.1	tRNA	tRNA-Pro	70
NC_085630.1	tRNA	tRNA-Gln	72
NC_085630.1	tRNA	tRNA-Ala	73
NC_085630.1	tRNA	tRNA-Val	69
NC_085630.1	tRNA	tRNA-Asn	73
NC_085630.1	tRNA	tRNA-Leu	72
NC_085630.1	tRNA	tRNA-Trp	70
NC_085630.1	tRNA	tRNA-Cys	72
NC_085630.1	tRNA	tRNA-Met	71
NC_085630.1	tRNA	tRNA-Asp	71
NC_085630.1	tRNA	tRNA-Tyr	72
NC_085630.1	tRNA	tRNA-Gly	70
NC_085630.1	tRNA	tRNA-Leu	74
NC_085630.1	tRNA	tRNA-Ile	71
NC_087784.1	tRNA	tRNA-Arg	67
NC_087784.1	tRNA	tRNA-Lys	71
NC_087784.1	tRNA	tRNA-Ser	70
NC_087784.1	tRNA	tRNA-His	67
NC_087784.1	tRNA	tRNA-Ser	69
NC_087784.1	tRNA	tRNA-Phe	72
NC_087784.1	rRNA	12S rRNA	928
NC_087784.1	tRNA	tRNA-Glu	72
NC_087784.1	tRNA	tRNA-Thr	70
NC_087784.1	rRNA	16S rRNA	1607
NC_087784.1	tRNA	tRNA-Ile	71
NC_087784.1	tRNA	tRNA-Leu	72
NC_087784.1	tRNA	tRNA-Gly	68
NC_087784.1	tRNA	tRNA-Tyr	69
NC_087784.1	tRNA	tRNA-Asp	69
NC_087784.1	tRNA	tRNA-Met	68
NC_087784.1	tRNA	tRNA-Val	69
NC_087784.1	tRNA	tRNA-Cys	73
NC_087784.1	tRNA	tRNA-Trp	70
NC_087784.1	tRNA	tRNA-Ala	69
NC_087784.1	tRNA	tRNA-Leu	71
NC_087784.1	tRNA	tRNA-Asn	72
NC_087784.1	tRNA	tRNA-Gln	71
NC_087784.1	tRNA	tRNA-Pro	71
NC_087785.1	tRNA	tRNA-Arg	67
NC_087785.1	tRNA	tRNA-Lys	57
NC_087785.1	tRNA	tRNA-Ser	71
NC_087785.1	tRNA	tRNA-His	67
NC_087785.1	tRNA	tRNA-Ser	69
NC_087785.1	tRNA	tRNA-Phe	72
NC_087785.1	rRNA	12S rRNA	922
NC_087785.1	tRNA	tRNA-Glu	72
NC_087785.1	tRNA	tRNA-Thr	70
NC_087785.1	rRNA	16S rRNA	1594
NC_087785.1	tRNA	tRNA-Ile	73
NC_087785.1	tRNA	tRNA-Leu	72
NC_087785.1	tRNA	tRNA-Gly	68
NC_087785.1	tRNA	tRNA-Tyr	69
NC_087785.1	tRNA	tRNA-Asp	69
NC_087785.1	tRNA	tRNA-Met	69
NC_087785.1	tRNA	tRNA-Val	69
NC_087785.1	tRNA	tRNA-Cys	72
NC_087785.1	tRNA	tRNA-Trp	69
NC_087785.1	tRNA	tRNA-Ala	70
NC_087785.1	tRNA	tRNA-Leu	71
NC_087785.1	tRNA	tRNA-Asn	72
NC_087785.1	tRNA	tRNA-Gln	71
NC_087785.1	tRNA	tRNA-Pro	72
